customer_id,customer_first_name,customer_last_name,customer_email,customer_phone,customer_city,customer_country,customer_age,customer_gender
1,Brian,Parker,brian.parker@gmail.com,990.423.1856x4527,Whitefort,England,64,Male
2,Matthew,Williamson,matthew.williamson@hotmail.com,246.314.3940x912,Meltonchester,Scotland,24,Male
3,Theresa,Herman,theresa.herman@gmail.com,+1-585-075-8660x3249,Parkerbury,England,62,Male
4,John,Buchanan,john.buchanan@hotmail.com,359-059-5786,North Ashley,Czechia,31,Female
5,Joy,Cruz,joy.cruz@gmail.com,417-512-2646x5363,Port Mark,Germany,49,Male
6,John,Williams,john.williams@hotmail.com,724.271.3648x113,Terryland,Portugal,40,Female
7,Wendy,Barrett,wendy.barrett@yahoo.com,001-535-608-3917,Toddstad,Poland,22,Female
8,Joshua,Singh,joshua.singh@gmail.com,(794)498-5021x5572,West Maria,Ireland,56,Female
9,Marilyn,Little,marilyn.little@hotmail.com,(429)133-8029,Carloston,Ireland,50,Female
10,Deborah,Stewart,deborah.stewart@gmail.com,001-952-721-2638x180,New Perrybury,Spain,43,Male
11,Matthew,Little,matthew.little@gmail.com,001-670-118-4161x139,Port Donald,Germany,65,Male
12,John,Anderson,john.anderson@gmail.com,270-115-9246,Andersonmouth,France,33,Female
13,Jonathan,Smith,jonathan.smith@hotmail.com,4178640593,Brownbury,Poland,40,Female
14,Colleen,Deleon,colleen.deleon@gmail.com,(990)036-4186x9849,New Nicholasmouth,England,48,Female
15,Keith,Ramos,keith.ramos@gmail.com,1597282078,Derrickport,Germany,59,Male
16,Rachel,Hanna,rachel.hanna@gmail.com,(918)161-2217x781,North Zachary,Germany,26,Male
17,Carly,Rivas,carly.rivas@hotmail.com,0368611371,South Matthew,England,28,Female
18,Craig,Adams,craig.adams@yahoo.com,+1-814-386-2314x0548,Michelletown,England,52,Female
19,Courtney,Thompson,courtney.thompson@gmail.com,(718)999-5753x21468,North Rebecca,Italy,28,Male
20,Ethan,Chapman,ethan.chapman@yahoo.com,001-694-300-0750,Ericbury,England,37,Female
21,Brenda,Hernandez,brenda.hernandez@gmail.com,083.343.3750x10638,North Jessica,Spain,19,Male
22,Brandon,Barnes,brandon.barnes@gmail.com,+1-216-676-7081x674,South Heather,Scotland,63,Male
23,Jon,Mosley,jon.mosley@yahoo.com,169-066-0866,North Brooke,Ireland,34,Female
24,Jeffrey,Gross,jeffrey.gross@yahoo.com,642.660.3775,New Miguel,Portugal,56,Female
25,Tracey,Cannon,tracey.cannon@gmail.com,575.220.4182,East Tiffanyhaven,Northern Ireland,60,Female
26,Brenda,Martinez,brenda.martinez@gmail.com,+1-965-531-7377x327,New Kelly,England,55,Male
27,Angel,Collins,angel.collins@gmail.com,+1-093-187-0573,Lesliestad,Poland,37,Male
28,Amy,Peterson,amy.peterson@hotmail.com,966.871.5059x8641,South Alexandraburgh,Spain,38,Female
29,Kayla,Wilson,kayla.wilson@gmail.com,(213)423-2034,Jasonborough,Scotland,29,Male
30,Barbara,Thomas,barbara.thomas@yahoo.com,001-705-858-5440x26649,Hernandezton,Portugal,25,Male
31,Alexandria,Walton,alexandria.walton@yahoo.com,024.830.4194x78822,Davidsonton,Czechia,33,Male
32,William,Brown,william.brown@gmail.com,092.602.6800x02614,New Jodimouth,Ireland,33,Female
33,Alexander,Avery,alexander.avery@yahoo.com,302.780.0575,Schmidtberg,Scotland,32,Male
34,Felicia,Wilson,felicia.wilson@yahoo.com,+1-892-415-6132x483,Cassandrabury,Italy,18,Male
35,Rodney,Johnson,rodney.johnson@hotmail.com,7389486174,New Michael,Italy,62,Male
36,Leslie,Hess,leslie.hess@yahoo.com,707.092.5353,Eduardobury,England,28,Female
37,Janice,Reynolds,janice.reynolds@yahoo.com,362.619.1194x8650,Webbburgh,Czechia,56,Female
38,Daniel,Hendricks,daniel.hendricks@gmail.com,001-351-824-9257,Jamesfurt,Scotland,57,Male
39,Stephen,Ryan,stephen.ryan@yahoo.com,(868)183-2430x879,East Brad,France,47,Female
40,Jennifer,Atkins,jennifer.atkins@gmail.com,001-416-289-1380x6332,Lake Francesview,Spain,40,Female
41,Lauren,Cook,lauren.cook@hotmail.com,579.976.9439x661,Brightfurt,Germany,61,Male
42,Angela,Kim,angela.kim@hotmail.com,255-318-9763,Williamsview,Scotland,65,Female
43,Robert,Daniels,robert.daniels@hotmail.com,044-951-2531x967,Ashleyport,Ireland,56,Male
44,Debbie,Patel,debbie.patel@hotmail.com,(035)649-2357,Jonathanstad,Czechia,53,Male
45,Mia,Jefferson,mia.jefferson@gmail.com,328-145-0299x2838,Monicamouth,Ireland,33,Male
46,Christopher,Price,christopher.price@gmail.com,175-729-5783,Port Robin,Czechia,40,Female
47,David,Turner,david.turner@hotmail.com,694.758.6843,Johnsonmouth,Italy,40,Female
48,Natalie,Stanley,natalie.stanley@hotmail.com,470.579.0526,Wrightberg,Ireland,41,Female
49,Vanessa,Pollard,vanessa.pollard@gmail.com,220.843.0282,Mcmahonmouth,Scotland,28,Male
50,Tracy,Hall,tracy.hall@yahoo.com,001-965-635-3347x440,New Rebecca,Poland,52,Male
51,Kimberly,Jones,kimberly.jones@hotmail.com,(300)680-4640,South Courtney,Poland,50,Female
52,Nicole,Melton,nicole.melton@hotmail.com,001-331-220-3227x6983,Rachelmouth,Czechia,40,Male
53,Michelle,Holder,michelle.holder@gmail.com,(207)919-3407,North Karenside,Spain,57,Male
54,Austin,Oneill,austin.oneill@gmail.com,001-627-643-1625,Trevorshire,England,26,Female
55,Catherine,Calhoun,catherine.calhoun@yahoo.com,334-024-9472,Wheelerton,Ireland,18,Female
56,Chad,Salazar,chad.salazar@hotmail.com,873-211-2906x673,Lake Kimberly,Spain,39,Male
57,Hunter,Choi,hunter.choi@hotmail.com,545-002-4373x0536,Lynchport,Spain,21,Male
58,Kristina,Holt,kristina.holt@gmail.com,961-152-9832x5656,Lyonsville,England,35,Female
59,Briana,Parker,briana.parker@yahoo.com,0505841603,Melissafort,Northern Ireland,58,Female
60,Christine,Griffith,christine.griffith@hotmail.com,001-808-287-7043,Williamsborough,Italy,39,Female
61,Alec,Cain,alec.cain@gmail.com,(757)339-5275,Ryanport,England,53,Female
62,Anthony,Glenn,anthony.glenn@gmail.com,001-479-040-7591,South Jenniferchester,England,48,Male
63,Fernando,Holden,fernando.holden@gmail.com,+1-048-718-8412x91221,Carlsonside,France,47,Female
64,Laura,Harris,laura.harris@hotmail.com,001-547-931-6853x25344,East Elizabethchester,Czechia,56,Female
65,Jenny,Price,jenny.price@gmail.com,(879)666-3435x2375,New Lisaberg,Portugal,30,Male
66,Sabrina,Ortiz,sabrina.ortiz@gmail.com,(772)418-1408,Port Scott,Scotland,30,Male
67,Jeffrey,Osborn,jeffrey.osborn@hotmail.com,+1-719-508-7691x8835,Port Marcofort,Ireland,25,Female
68,Charles,Spears,charles.spears@gmail.com,141-760-5399,Griffinside,Italy,31,Male
69,Carolyn,Jones,carolyn.jones@hotmail.com,892-145-9318x2413,Johnchester,Portugal,21,Male
70,Joshua,Barton,joshua.barton@hotmail.com,405.304.0528x2427,Whiteton,Scotland,57,Male
71,James,Rodriguez,james.rodriguez@yahoo.com,(848)024-5998x08519,Stevenbury,Scotland,42,Female
72,Mark,Miller,mark.miller@gmail.com,(602)645-7382x624,Dustinstad,Portugal,25,Female
73,Joshua,Miller,joshua.miller@gmail.com,533-432-6968x265,Wustad,Spain,60,Male
74,Cheryl,Duran,cheryl.duran@gmail.com,412.420.7195,East Jacqueline,England,37,Female
75,Casey,Anderson,casey.anderson@gmail.com,953.127.4645,Mikaylafurt,Italy,20,Female
76,Tiffany,Brown,tiffany.brown@hotmail.com,768-246-8263x89407,Lake Marissa,Ireland,42,Male
77,Kendra,Jones,kendra.jones@hotmail.com,915-808-0899,Smithchester,Italy,41,Male
78,Daniel,Edwards,daniel.edwards@gmail.com,261-458-4167,New Christina,Northern Ireland,45,Female
79,Katie,Mora,katie.mora@yahoo.com,9351319038,New Catherine,Czechia,49,Female
80,Dwayne,Stevenson,dwayne.stevenson@gmail.com,+1-322-903-3324x20194,New Dawnstad,Italy,65,Female
81,Bradley,Allen,bradley.allen@yahoo.com,001-472-417-9835,West Crystalhaven,Scotland,27,Male
82,Eric,Perez,eric.perez@gmail.com,(795)369-8540x149,Matthewburgh,Scotland,31,Female
83,Mariah,Choi,mariah.choi@hotmail.com,+1-154-860-5458x1097,East Jackie,Poland,46,Female
84,Kayla,Lewis,kayla.lewis@yahoo.com,(634)052-8282x215,East Charlesshire,England,54,Female
85,Tina,Banks,tina.banks@gmail.com,(270)086-8859x6379,West Catherine,Spain,32,Female
86,Joshua,Delgado,joshua.delgado@gmail.com,(748)567-4918,Longland,Poland,55,Female
87,Sheila,Valentine,sheila.valentine@hotmail.com,001-009-420-9245,North Savannah,France,21,Male
88,Cynthia,Fernandez,cynthia.fernandez@yahoo.com,(988)678-1144x765,Christopherport,England,26,Female
89,Michael,Meyer,michael.meyer@yahoo.com,0426570306,South Gregory,Portugal,51,Female
90,Kathleen,Huang,kathleen.huang@gmail.com,169-580-5628x28707,New Michaelberg,Czechia,63,Male
91,Christine,Williams,christine.williams@hotmail.com,(388)995-3359x78517,Lake Adrianafurt,Spain,34,Female
92,Timothy,Vasquez,timothy.vasquez@hotmail.com,743.840.7497x368,West Jennifer,France,29,Female
93,Nancy,Mccall,nancy.mccall@yahoo.com,394-359-4036x56512,Port Joe,Portugal,52,Male
94,Mark,Holt,mark.holt@yahoo.com,991.173.2355,South Laura,Spain,54,Male
95,Joe,Sheppard,joe.sheppard@gmail.com,781.925.2695x19047,West Taylor,Germany,33,Male
96,Tonya,Price,tonya.price@gmail.com,+1-821-341-8433x36682,North Antonio,Portugal,63,Male
97,Willie,Waters,willie.waters@yahoo.com,267-819-9030,West Ronald,Northern Ireland,65,Female
98,Sheila,Lopez,sheila.lopez@gmail.com,8423078259,New Ryan,Scotland,22,Female
99,Nathan,Mcclain,nathan.mcclain@yahoo.com,248.061.0535,Lake Lindsayton,Ireland,38,Male
100,Bradley,Moore,bradley.moore@gmail.com,+1-282-009-3987x028,Lake Samanthafort,Czechia,27,Male
101,Cole,Miles,cole.miles@hotmail.com,+1-210-732-5942,New Pamela,Northern Ireland,44,Male
102,William,Smith,william.smith@gmail.com,001-533-959-0093x7304,Sharonchester,England,56,Female
103,Nicholas,Taylor,nicholas.taylor@hotmail.com,+1-940-194-8137x384,West Jeremyport,Poland,46,Male
104,Tonya,Bailey,tonya.bailey@hotmail.com,002-168-6184x795,East Kevin,Poland,34,Female
105,Manuel,Jordan,manuel.jordan@yahoo.com,7617498187,South Bianca,Spain,54,Female
106,Jared,Farmer,jared.farmer@yahoo.com,001-162-525-6161x646,South Maryshire,England,21,Male
107,Joseph,Martin,joseph.martin@gmail.com,9346518829,Rhodesfurt,Scotland,35,Female
108,Dustin,Robinson,dustin.robinson@gmail.com,001-829-649-7571x730,Franklinborough,Portugal,39,Male
109,Kimberly,Wilson,kimberly.wilson@yahoo.com,001-424-409-5908x46946,North Kylechester,Czechia,31,Female
110,Vickie,Solis,vickie.solis@hotmail.com,6198987034,Adamsville,Germany,51,Female
111,Anthony,Wood,anthony.wood@gmail.com,(631)151-8331,Martinezview,Scotland,18,Male
112,Melissa,Schultz,melissa.schultz@yahoo.com,384-399-4745,New Natalie,Ireland,44,Female
113,Sydney,Dillon,sydney.dillon@hotmail.com,9033217161,Bensonland,Ireland,55,Female
114,Catherine,Murillo,catherine.murillo@yahoo.com,8237063566,South Jeremy,France,36,Male
115,Larry,Sandoval,larry.sandoval@gmail.com,+1-843-377-6147x769,East Jasonview,Czechia,50,Female
116,Christopher,Diaz,christopher.diaz@gmail.com,(073)295-4407x79462,East Roberttown,Germany,27,Male
117,Gwendolyn,Huffman,gwendolyn.huffman@yahoo.com,150.586.4723x912,East Joshua,Northern Ireland,48,Male
118,Tina,Austin,tina.austin@yahoo.com,652-602-0539x66844,Rachelburgh,Scotland,36,Male
119,Kimberly,Gonzales,kimberly.gonzales@gmail.com,824.836.2317,West Johnathanburgh,England,33,Female
120,Patricia,Dodson,patricia.dodson@gmail.com,001-061-011-7704x505,Kyleview,Scotland,46,Male
121,Scott,Lopez,scott.lopez@gmail.com,8767013162,Lake Victoria,France,47,Female
122,Kaitlyn,Harper,kaitlyn.harper@gmail.com,001-681-021-3040x44903,Lake Devon,Italy,45,Male
123,Paul,Brown,paul.brown@gmail.com,001-792-718-4683x580,Danielland,Ireland,25,Male
124,Pamela,Barnes,pamela.barnes@gmail.com,552-747-2563,Rogershaven,Poland,44,Male
125,Carlos,Tate,carlos.tate@hotmail.com,647.537.3289,Port Robert,Czechia,33,Male
126,Mary,Campbell,mary.campbell@yahoo.com,(928)512-4831,New Sandra,Portugal,39,Male
127,Ricardo,Simmons,ricardo.simmons@yahoo.com,+1-343-638-4344x76238,Isaachaven,Scotland,34,Female
128,Summer,Sanders,summer.sanders@yahoo.com,457-045-8538,Nelsonstad,Spain,61,Male
129,Jonathon,Cook,jonathon.cook@gmail.com,611.635.7239x498,South Kellyview,Spain,39,Male
130,Alex,Liu,alex.liu@hotmail.com,001-592-384-1844,Port Meganborough,Portugal,44,Male
131,Crystal,Chavez,crystal.chavez@yahoo.com,(195)937-6030x9108,West Scott,England,62,Female
132,April,Davidson,april.davidson@gmail.com,768.771.9739x21871,North Elizabethland,Italy,53,Male
133,Jasmine,Matthews,jasmine.matthews@yahoo.com,351.422.3769x21293,East Alexchester,Portugal,52,Male
134,Brandy,Johnson,brandy.johnson@hotmail.com,958-020-9386x24895,Port Brittany,Italy,30,Female
135,Victor,Lawson,victor.lawson@gmail.com,095.255.9553x43339,Andrewsville,France,60,Female
136,Derek,Bright,derek.bright@gmail.com,(263)834-4070x327,Brownton,Scotland,18,Male
137,Teresa,Hall,teresa.hall@hotmail.com,+1-795-216-1704x67949,East Connie,Portugal,27,Female
138,Karen,Mahoney,karen.mahoney@yahoo.com,001-741-164-7009x552,North Kristachester,France,26,Female
139,Tristan,Huynh,tristan.huynh@yahoo.com,+1-696-051-8282,New Robertfurt,Scotland,55,Male
140,Michelle,Howell,michelle.howell@hotmail.com,+1-282-071-7064x41702,Lake Robert,Czechia,20,Female
141,Eric,Webster,eric.webster@hotmail.com,7452625767,North Michelle,Ireland,20,Male
142,Jason,Taylor,jason.taylor@hotmail.com,161-760-6852,East Paulahaven,England,63,Female
143,David,Watson,david.watson@gmail.com,0583828530,Port Michael,Czechia,23,Female
144,Lisa,Smith,lisa.smith@hotmail.com,892.128.9122,New Courtneyshire,Spain,21,Female
145,Patrick,Brooks,patrick.brooks@hotmail.com,001-305-552-6977x0751,Lake Renee,Ireland,27,Female
146,Mario,Pruitt,mario.pruitt@gmail.com,906-144-0694,Port Bretthaven,Poland,19,Female
147,Julie,Jackson,julie.jackson@hotmail.com,(194)595-9160,Riveraburgh,England,48,Male
148,Michael,Stokes,michael.stokes@yahoo.com,435-316-5475,Briannaside,France,22,Female
149,Laura,Liu,laura.liu@yahoo.com,+1-363-548-2756x0263,Acostaberg,Northern Ireland,26,Female
150,David,Manning,david.manning@yahoo.com,+1-347-787-7240x6356,Rebeccaland,Czechia,32,Female
151,Beth,Rasmussen,beth.rasmussen@gmail.com,614-271-3873x836,New James,Portugal,35,Male
152,Randall,Smith,randall.smith@gmail.com,209.249.6302x565,Thomasbury,Scotland,21,Female
153,Lisa,Huber,lisa.huber@hotmail.com,+1-781-335-4300,Dwaynefurt,France,63,Male
154,Marcus,King,marcus.king@gmail.com,413-614-8912x0446,North Scott,Northern Ireland,47,Female
155,Judy,Harvey,judy.harvey@gmail.com,455-962-5901x0769,New Garyside,Poland,38,Female
156,Kyle,Nixon,kyle.nixon@hotmail.com,+1-238-202-4491,Christineborough,Northern Ireland,28,Female
157,Elizabeth,Mendez,elizabeth.mendez@yahoo.com,592.489.7601x6068,Mirandachester,Poland,20,Female
158,Jimmy,Gilbert,jimmy.gilbert@hotmail.com,880-940-0617,Sherrytown,Poland,63,Female
159,Steven,Kelly,steven.kelly@hotmail.com,(371)001-5762x99699,East Jennifer,Portugal,65,Female
160,Katrina,Perez,katrina.perez@yahoo.com,2962515560,Morrisborough,Germany,30,Male
161,Lynn,Neal,lynn.neal@hotmail.com,042-099-9298,Kellychester,England,45,Female
162,Melissa,Nichols,melissa.nichols@gmail.com,619-627-6008,Port Betty,Scotland,38,Male
163,Shawn,Stokes,shawn.stokes@hotmail.com,+1-734-430-2672x7590,West Taylormouth,Czechia,36,Female
164,Mark,Vega,mark.vega@hotmail.com,2353471236,Danielton,Poland,22,Female
165,William,Edwards,william.edwards@gmail.com,+1-471-358-1983x7470,North Jacqueline,Ireland,21,Female
166,Henry,Stewart,henry.stewart@yahoo.com,547-571-2204,Salinasmouth,Poland,44,Female
167,Kristina,Zavala,kristina.zavala@hotmail.com,001-906-978-3221x8759,Prattfort,Ireland,58,Female
168,Ashley,Robinson,ashley.robinson@yahoo.com,(790)222-5233x53606,East Lisa,Italy,52,Male
169,Stephanie,Pierce,stephanie.pierce@hotmail.com,(312)767-0327x2611,New Maria,Portugal,42,Male
170,Brad,Sullivan,brad.sullivan@hotmail.com,398-129-4539,Tylerstad,Germany,52,Male
171,Nathan,Moss,nathan.moss@gmail.com,+1-353-765-4792x1522,East Stephanie,Spain,24,Female
172,Ashley,Castro,ashley.castro@hotmail.com,+1-121-048-5500x14918,Lake Robin,France,35,Female
173,Diana,Pratt,diana.pratt@hotmail.com,378-031-8291,East Luisshire,England,53,Female
174,Lance,Conway,lance.conway@gmail.com,001-749-008-3068x1819,Diazland,Ireland,60,Male
175,Samuel,Weaver,samuel.weaver@gmail.com,+1-333-754-6006x07331,Hatfieldshire,Northern Ireland,36,Male
176,Lisa,Levy,lisa.levy@hotmail.com,521.985.3227x3566,Port Wayneland,Ireland,20,Female
177,Keith,Manning,keith.manning@yahoo.com,(301)056-0096,South Joseph,Scotland,20,Female
178,Jose,Mack,jose.mack@gmail.com,(352)616-1918,Port Sandra,Czechia,32,Male
179,Karen,Bolton,karen.bolton@yahoo.com,309-552-1320x77162,Seanmouth,Scotland,64,Male
180,Theodore,Villegas,theodore.villegas@hotmail.com,001-449-781-7282x07544,North Heather,Portugal,49,Male
181,Raymond,Rodriguez,raymond.rodriguez@yahoo.com,916-466-6133x97097,North Cynthia,Portugal,47,Male
182,Melissa,Harrison,melissa.harrison@hotmail.com,449-755-3121x93719,Reevesview,Czechia,45,Male
183,Natasha,Berry,natasha.berry@hotmail.com,292.325.1474,North Jamiemouth,Portugal,57,Male
184,Alan,Edwards,alan.edwards@hotmail.com,304-300-7776,Michaelhaven,Ireland,42,Female
185,Christine,Bautista,christine.bautista@yahoo.com,(058)156-4525,Knightport,France,62,Male
186,Erin,Williams,erin.williams@gmail.com,955.230.8641x8510,Morrischester,Portugal,43,Male
187,Bradley,Lopez,bradley.lopez@hotmail.com,+1-071-861-9401x006,North Davidchester,Czechia,42,Male
188,Jeffrey,Myers,jeffrey.myers@hotmail.com,+1-699-433-9567x384,Lake Abigailstad,Czechia,64,Female
189,Nicole,Bailey,nicole.bailey@yahoo.com,140.257.0628,South Elizabeth,Poland,61,Male
190,John,Fletcher,john.fletcher@gmail.com,546-077-9287x02878,Kristinville,Scotland,37,Female
191,Frances,Welch,frances.welch@hotmail.com,533.706.5828x838,New Joshuamouth,Spain,35,Male
192,Derrick,Baker,derrick.baker@gmail.com,(076)430-8409x5315,West Jesse,Italy,19,Male
193,Brianna,Saunders,brianna.saunders@yahoo.com,199.760.4815x49456,Millsstad,Italy,27,Female
194,David,Payne,david.payne@gmail.com,4184127583,Veronicaview,Germany,47,Male
195,Raymond,Mcgee,raymond.mcgee@gmail.com,+1-242-207-1288,Lake Amberchester,England,20,Male
196,Malik,Cabrera,malik.cabrera@hotmail.com,344-972-9046,Wallerburgh,Northern Ireland,63,Female
197,Michelle,Figueroa,michelle.figueroa@yahoo.com,+1-108-264-2746x9043,Michaelberg,Portugal,63,Male
198,Sarah,Allen,sarah.allen@yahoo.com,(326)483-0471x650,Kristinview,Ireland,39,Male
199,Nathan,Martinez,nathan.martinez@gmail.com,+1-379-067-2072x341,North Anthony,Italy,37,Male
200,Anna,Howe,anna.howe@yahoo.com,+1-400-348-1189x7757,Port Brandymouth,England,24,Male
201,Denise,Wood,denise.wood@yahoo.com,+1-965-627-5215x0433,Mccoyburgh,Czechia,26,Female
202,Jeffrey,Johnson,jeffrey.johnson@yahoo.com,001-095-785-9445x9881,Laurenberg,Germany,26,Female
203,Heather,Peterson,heather.peterson@yahoo.com,1101664042,Port Paulchester,Poland,49,Male
204,Jonathan,Vaughn,jonathan.vaughn@hotmail.com,001-877-556-9255x2232,New Maria,England,56,Male
205,Sandy,Young,sandy.young@yahoo.com,936.479.5910,Aliceview,Portugal,53,Male
206,Lisa,Gibbs,lisa.gibbs@hotmail.com,+1-090-372-2867x3364,Port Teresa,Germany,43,Female
207,Vanessa,Johnson,vanessa.johnson@gmail.com,321.946.2203x769,Whitakerfurt,Italy,24,Female
208,David,Dudley,david.dudley@yahoo.com,(802)349-7999,Port Patty,Germany,19,Female
209,Susan,Taylor,susan.taylor@hotmail.com,358-984-4276,Lake Jennifermouth,France,46,Male
210,Laura,Aguirre,laura.aguirre@hotmail.com,(631)136-1252,West Amanda,Poland,63,Female
211,Raymond,Cline,raymond.cline@hotmail.com,001-542-409-5692,Deniseshire,Ireland,52,Male
212,Sean,Miller,sean.miller@hotmail.com,647.762.6673x662,South Christophertown,Italy,46,Male
213,Sandra,Young,sandra.young@yahoo.com,(195)535-5715x59459,Jenniferport,Scotland,20,Male
214,Madison,Griffin,madison.griffin@hotmail.com,984.332.9973x88352,Henryville,Portugal,36,Female
215,Taylor,Arnold,taylor.arnold@yahoo.com,(071)915-4783x658,Jamesville,Northern Ireland,49,Female
216,Joshua,Tate,joshua.tate@hotmail.com,+1-912-629-5745,West Jaimeview,Ireland,37,Male
217,Kristin,Ruiz,kristin.ruiz@yahoo.com,5304376539,Jamesmouth,Northern Ireland,36,Female
218,Sharon,Boyd,sharon.boyd@hotmail.com,9090995862,Karamouth,Spain,22,Male
219,Carmen,Carter,carmen.carter@hotmail.com,+1-340-305-6136x16353,Craigside,France,38,Female
220,Brittany,Nash,brittany.nash@yahoo.com,455-392-5165x07073,Lake Christinafort,Poland,55,Male
221,Barry,Rich,barry.rich@gmail.com,586-233-5999x340,Port Thomas,Portugal,26,Male
222,Roberta,Peters,roberta.peters@gmail.com,(362)037-0110x8742,Ortizborough,Portugal,45,Female
223,James,Kelly,james.kelly@hotmail.com,(301)415-7848,Adamsland,Italy,53,Female
224,Thomas,Beasley,thomas.beasley@hotmail.com,7978570071,Port Jessica,Ireland,26,Male
225,Marcus,Lam,marcus.lam@hotmail.com,080.853.7349x86312,Sarastad,Poland,23,Female
226,Lisa,Garrison,lisa.garrison@hotmail.com,857.973.3656,East Mark,France,22,Female
227,Stephen,Owen,stephen.owen@hotmail.com,+1-301-501-7438,North Katelynfort,England,43,Female
228,George,Collier,george.collier@hotmail.com,715.474.4730x6200,East Jennifermouth,Czechia,40,Female
229,Matthew,Mitchell,matthew.mitchell@gmail.com,132.822.5020,East Lawrenceport,Germany,59,Male
230,James,Cole,james.cole@gmail.com,001-614-745-7501,Kingport,Germany,59,Female
231,David,Snow,david.snow@yahoo.com,(238)910-1159x87000,Paulside,Poland,37,Male
232,Paula,Wilkins,paula.wilkins@yahoo.com,503-872-6520x345,Vanessamouth,Poland,39,Female
233,Brandy,Franco,brandy.franco@hotmail.com,937.228.8123x7158,Meyerburgh,Germany,26,Female
234,Sarah,Sutton,sarah.sutton@hotmail.com,124-046-9170x50095,Cohentown,Ireland,59,Female
235,Dylan,Harmon,dylan.harmon@yahoo.com,(519)528-9139x13263,Daniellemouth,Portugal,62,Female
236,Eric,Leon,eric.leon@gmail.com,774-979-9741x698,Port Ashley,Scotland,37,Female
237,Nicholas,Garcia,nicholas.garcia@yahoo.com,(446)264-7196x460,Johnsonport,Poland,39,Female
238,Debra,Lara,debra.lara@hotmail.com,0471876877,Timothyburgh,France,31,Female
239,Kelly,Maxwell,kelly.maxwell@gmail.com,+1-177-169-8978x0922,Lake Jeremy,Ireland,62,Male
240,Thomas,Ruiz,thomas.ruiz@yahoo.com,001-365-635-0682x54248,Michealville,Northern Ireland,22,Male
241,Evan,Soto,evan.soto@hotmail.com,425-696-6920x720,Lake Jenniferberg,France,37,Female
242,Kim,Atkins,kim.atkins@yahoo.com,147.780.3672,New Dale,Scotland,39,Male
243,Dustin,Murphy,dustin.murphy@yahoo.com,001-762-655-8541x7688,Loganborough,England,41,Female
244,David,Warren,david.warren@yahoo.com,961.853.5178x40968,Anthonyshire,Czechia,28,Male
245,Adriana,Ellis,adriana.ellis@yahoo.com,444.389.7581,Port Travisport,Czechia,19,Female
246,Antonio,Hudson,antonio.hudson@gmail.com,659-718-1281,Christinetown,England,38,Male
247,Jeremy,Barnes,jeremy.barnes@yahoo.com,(244)641-4978,Madisonfort,Scotland,53,Male
248,Bruce,Stewart,bruce.stewart@gmail.com,991-429-7163x19759,North Larryburgh,Czechia,39,Female
249,John,Jones,john.jones@hotmail.com,387.297.4369,Timothyfurt,Germany,19,Male
250,Joseph,Palmer,joseph.palmer@gmail.com,001-964-210-0169x2972,Vazquezland,Poland,56,Male
251,Tiffany,Ponce,tiffany.ponce@hotmail.com,453.140.0004,Jessicahaven,Scotland,45,Female
252,Cesar,Dawson,cesar.dawson@hotmail.com,001-829-239-1831,New Timothyborough,Portugal,34,Male
253,Ronald,Davies,ronald.davies@gmail.com,631-071-5713x695,Perkinsland,France,56,Male
254,Karen,Hurley,karen.hurley@gmail.com,001-521-330-9681x451,North Renee,Czechia,40,Female
255,Jack,Hull,jack.hull@gmail.com,783-646-3984x55733,North Kellyfurt,England,37,Male
256,Paul,Morris,paul.morris@yahoo.com,453-714-4140,Saundersshire,England,19,Male
257,Charles,Price,charles.price@yahoo.com,1555890661,Garybury,Germany,24,Male
258,Chad,Gallegos,chad.gallegos@hotmail.com,025-304-4193x22576,Lake Julieberg,England,56,Male
259,William,Davis,william.davis@yahoo.com,698.270.1086,Ingrambury,Poland,57,Female
260,Jade,Dixon,jade.dixon@hotmail.com,527-989-2822x42151,New Melanie,England,26,Female
261,Megan,Obrien,megan.obrien@gmail.com,(305)934-6926x893,Tannerton,Northern Ireland,57,Female
262,Tammie,Duncan,tammie.duncan@hotmail.com,484-084-8494,West John,France,42,Female
263,Andrew,Bailey,andrew.bailey@yahoo.com,(374)993-8654x27483,New Rachael,Northern Ireland,35,Female
264,Larry,Anderson,larry.anderson@hotmail.com,955.651.5572x4796,New Chelseaborough,Germany,20,Female
265,Ann,Johnson,ann.johnson@gmail.com,594.610.4652,Gallagherburgh,Italy,51,Male
266,John,Chavez,john.chavez@hotmail.com,691.168.3881,Saraside,Ireland,52,Male
267,Eric,Phillips,eric.phillips@hotmail.com,541.278.9531,Barneshaven,Ireland,19,Female
268,Julie,Anderson,julie.anderson@hotmail.com,344-709-2488x327,Kevinfort,England,56,Male
269,Daniel,Ross,daniel.ross@yahoo.com,(179)563-0889x531,Gabrielleport,Northern Ireland,43,Female
270,Karen,Sanders,karen.sanders@gmail.com,661.483.6783x0703,Jessicaview,Italy,45,Male
271,Anthony,Odonnell,anthony.odonnell@gmail.com,001-030-875-9583x1903,South Colin,Scotland,29,Female
272,Elijah,Turner,elijah.turner@gmail.com,090-003-7082x6903,New Sharon,Ireland,59,Male
273,Ivan,Thomas,ivan.thomas@gmail.com,518.839.3440x6830,Heatherbury,Czechia,30,Female
274,James,Ellis,james.ellis@hotmail.com,798-189-2784,West Tommyview,England,39,Male
275,Donald,Silva,donald.silva@hotmail.com,(251)693-6401x297,East Dustin,Poland,21,Male
276,Ashley,Jones,ashley.jones@gmail.com,797-286-3931x995,Stephaniebury,Northern Ireland,34,Female
277,Tyler,Baker,tyler.baker@gmail.com,695-920-6444x923,Melissaborough,Scotland,22,Male
278,Whitney,Mccarthy,whitney.mccarthy@yahoo.com,001-803-416-0807x2726,North Conniemouth,England,22,Male
279,Barbara,Roberts,barbara.roberts@yahoo.com,559.526.3544x79108,Mannville,Ireland,22,Female
280,Susan,Sampson,susan.sampson@hotmail.com,2477849753,Jeffreyshire,Poland,26,Male
281,Nancy,Pena,nancy.pena@hotmail.com,054.669.5666,Houseberg,England,38,Female
282,Christine,Gilbert,christine.gilbert@gmail.com,474-779-8925x493,Kelleymouth,Czechia,27,Male
283,Jasmine,Clark,jasmine.clark@hotmail.com,302-923-6523,South Drew,France,44,Male
284,Kathy,Davis,kathy.davis@yahoo.com,690.102.6467x62883,Torreshaven,Czechia,27,Female
285,Jennifer,Dawson,jennifer.dawson@gmail.com,(394)310-7253,Perezhaven,Poland,24,Female
286,Justin,Smith,justin.smith@gmail.com,9494010015,Garciabury,France,26,Male
287,Kelsey,Wilson,kelsey.wilson@hotmail.com,207.911.6289x309,South Dominiqueshire,Spain,44,Female
288,Joseph,White,joseph.white@yahoo.com,(821)859-6302,South Timothy,Scotland,53,Female
289,Amanda,Perkins,amanda.perkins@yahoo.com,995-879-3980x01729,Michaelberg,England,37,Female
290,Tyler,King,tyler.king@gmail.com,8338793310,Lake Michaelside,Scotland,56,Male
291,Lisa,Johnson,lisa.johnson@yahoo.com,001-604-783-7351,South Linda,Poland,52,Male
292,Donna,Medina,donna.medina@yahoo.com,5805235219,North Lisa,England,54,Male
293,Jessica,Hoffman,jessica.hoffman@hotmail.com,616.210.5526,Scottshire,Portugal,40,Female
294,Veronica,Meyer,veronica.meyer@gmail.com,001-231-637-0880x69542,Danielhaven,Germany,63,Female
295,Heather,Perez,heather.perez@yahoo.com,+1-805-044-8948x1736,Jorgeburgh,Ireland,18,Female
296,Kathryn,Lewis,kathryn.lewis@hotmail.com,(810)351-9940x7900,Michelleshire,Poland,48,Male
297,Christopher,Hall,christopher.hall@yahoo.com,378.902.1408,Amandaland,Italy,57,Male
298,Richard,Grimes,richard.grimes@gmail.com,781-506-9148x3804,North Cynthia,Northern Ireland,47,Male
299,Amber,Mann,amber.mann@hotmail.com,001-409-586-9317x25240,South Ronaldshire,Ireland,33,Female
300,Emily,Chase,emily.chase@gmail.com,+1-738-936-6599x7584,Jonathanfurt,Scotland,48,Male
301,Laura,Cobb,laura.cobb@gmail.com,+1-686-957-9914x8887,Larryview,Germany,19,Female
302,Bethany,Morris,bethany.morris@gmail.com,(421)741-0086x3294,New Heatherbury,Ireland,20,Female
303,Toni,Moore,toni.moore@yahoo.com,(137)329-2355,Katieport,Northern Ireland,44,Male
304,William,Ryan,william.ryan@gmail.com,+1-761-321-5552,East Tara,England,42,Female
305,David,Harvey,david.harvey@hotmail.com,(138)914-9762,East Michellestad,Italy,21,Male
306,Glenn,Best,glenn.best@yahoo.com,488-038-6983x55928,West Kyleland,Poland,55,Female
307,Raymond,Graves,raymond.graves@hotmail.com,(203)397-4862x4249,Bryanshire,Ireland,25,Male
308,Holly,Smith,holly.smith@gmail.com,984-664-4095x906,Elizabethmouth,Italy,33,Male
309,Mark,Thompson,mark.thompson@gmail.com,(323)726-2522,Richardland,Poland,24,Female
310,Philip,Howard,philip.howard@yahoo.com,(597)233-4888,Andrewborough,Italy,29,Female
311,Joshua,Fowler,joshua.fowler@gmail.com,057-256-3080x6826,West Tammy,Northern Ireland,54,Male
312,Justin,Garza,justin.garza@yahoo.com,001-085-871-8039x066,Reginaldmouth,France,19,Female
313,Mario,Anderson,mario.anderson@gmail.com,007-661-4664,New Daniel,Northern Ireland,33,Female
314,Amber,Smith,amber.smith@yahoo.com,001-485-642-5180x42641,Delacruzberg,Germany,34,Male
315,Teresa,Joseph,teresa.joseph@gmail.com,001-351-236-0677x84493,Meganhaven,Spain,54,Male
316,Lawrence,Little,lawrence.little@gmail.com,463-716-4946,South Ninamouth,Ireland,26,Female
317,Adam,Harris,adam.harris@hotmail.com,+1-084-213-9462x09759,North Jamesmouth,England,58,Male
318,Jason,Williams,jason.williams@hotmail.com,408.801.9855x73907,Lindseyshire,Scotland,62,Male
319,Shawn,Beck,shawn.beck@yahoo.com,001-135-409-8775x94347,Seanfurt,Ireland,47,Female
320,Samantha,Carter,samantha.carter@gmail.com,(987)633-9543x5511,South Brittney,Poland,35,Male
321,Steven,Jensen,steven.jensen@yahoo.com,816.834.9339x844,North Nathanfurt,Poland,39,Female
322,Ann,Murray,ann.murray@hotmail.com,+1-462-242-9867x73145,Nancyton,Scotland,63,Male
323,Teresa,Reid,teresa.reid@hotmail.com,4025302928,North Crystal,England,63,Male
324,James,Ware,james.ware@hotmail.com,(793)776-5150x1551,Lake Brianhaven,England,38,Female
325,Mark,Boyd,mark.boyd@yahoo.com,861-310-1461x018,Rhodesborough,Germany,51,Female
326,James,Brown,james.brown@gmail.com,001-942-808-0695x64212,Clarkstad,Scotland,53,Male
327,Andrea,Reyes,andrea.reyes@hotmail.com,575.852.7566,New Trevor,Czechia,39,Female
328,Theresa,Collins,theresa.collins@hotmail.com,4926855318,East Mariatown,Poland,34,Female
329,Curtis,Gray,curtis.gray@gmail.com,001-544-617-2517x54648,Knightburgh,Czechia,57,Female
330,William,Nash,william.nash@hotmail.com,7576052836,Lake Charles,Germany,52,Male
331,Leslie,Roy,leslie.roy@yahoo.com,(103)238-6091,Joshuastad,Czechia,19,Female
332,Christopher,Castaneda,christopher.castaneda@gmail.com,449.010.5926x69508,South Janetmouth,Italy,51,Female
333,Kristen,Chan,kristen.chan@hotmail.com,(243)643-3538,Joneshaven,England,18,Male
334,Norman,Bryant,norman.bryant@yahoo.com,(366)029-8258x02482,Barbaraview,England,60,Female
335,Latoya,Yoder,latoya.yoder@hotmail.com,(727)067-3916x18010,Lake Terrimouth,France,48,Female
336,Kristin,Blake,kristin.blake@yahoo.com,+1-874-448-2314x739,Port Elizabethland,Ireland,65,Male
337,Sara,Torres,sara.torres@yahoo.com,(614)100-7847,Lake Kristopher,Northern Ireland,57,Male
338,Robert,Wells,robert.wells@yahoo.com,119.378.4418,New Adrianaberg,France,57,Female
339,Daniel,Jackson,daniel.jackson@gmail.com,318.772.5735,Jerrymouth,Portugal,46,Male
340,Mason,Smith,mason.smith@gmail.com,001-966-543-3225x3820,Jonathanton,Northern Ireland,42,Male
341,Marcus,Myers,marcus.myers@gmail.com,001-514-130-8115x35092,East Charlestown,Italy,52,Male
342,Katrina,Vega,katrina.vega@yahoo.com,734-800-0080,Craighaven,Portugal,37,Male
343,Diane,Evans,diane.evans@hotmail.com,001-927-607-0723,Rowefort,Northern Ireland,23,Female
344,William,Smith,william.smith@yahoo.com,646.718.8956x4838,New Aaronside,Scotland,62,Female
345,Shawn,Dixon,shawn.dixon@hotmail.com,(003)945-8648x76238,Alisonview,Czechia,38,Male
346,Kenneth,Herrera,kenneth.herrera@hotmail.com,(642)325-7181,Harringtonton,France,51,Female
347,Kimberly,Butler,kimberly.butler@yahoo.com,687-898-0429x4635,Leahland,Scotland,52,Male
348,Melanie,Moore,melanie.moore@yahoo.com,530-905-2780x63595,Williamsberg,Czechia,33,Male
349,Karen,Cole,karen.cole@hotmail.com,001-194-964-3312x17442,Martinchester,Portugal,46,Female
350,Daniel,Arroyo,daniel.arroyo@gmail.com,061-462-5056x091,South Adamburgh,England,54,Female
351,Brianna,Mata,brianna.mata@hotmail.com,(049)100-8277,East Andrew,Germany,51,Male
352,Karen,Mckenzie,karen.mckenzie@hotmail.com,001-120-422-9225x56357,Thomasville,Northern Ireland,20,Male
353,Kathleen,Fernandez,kathleen.fernandez@gmail.com,(532)917-4651,South Gloria,Italy,55,Female
354,Catherine,Anderson,catherine.anderson@gmail.com,753.367.9258x699,Markmouth,Poland,51,Male
355,Ashley,Spencer,ashley.spencer@hotmail.com,704.688.6034,Alyssatown,Germany,38,Female
356,Julie,Greer,julie.greer@yahoo.com,147.545.7953x71679,East Kevin,Germany,40,Male
357,Anthony,Rose,anthony.rose@gmail.com,844-662-4421,Lynnberg,Ireland,51,Male
358,Katherine,Cruz,katherine.cruz@yahoo.com,354-618-1243x1711,West William,Poland,28,Male
359,Janet,Reyes,janet.reyes@hotmail.com,001-002-767-5855x301,East Gregory,Scotland,26,Male
360,Christopher,Chavez,christopher.chavez@gmail.com,+1-403-947-2279,Thomasville,Northern Ireland,22,Female
361,Calvin,Scott,calvin.scott@hotmail.com,001-593-652-0516x377,Kennethport,Poland,35,Female
362,Eric,Marshall,eric.marshall@yahoo.com,714.839.6890x1189,Tammyside,Scotland,32,Female
363,Wanda,Moore,wanda.moore@gmail.com,773.901.0148x07952,Jenkinsport,Czechia,39,Female
364,Whitney,Flores,whitney.flores@yahoo.com,594.780.3224x04128,Johnchester,Northern Ireland,49,Male
365,Morgan,Hall,morgan.hall@hotmail.com,+1-951-310-5714x8268,Walkerfurt,Northern Ireland,47,Female
366,Chad,Williams,chad.williams@yahoo.com,883.229.5556x81186,Burnsside,Germany,56,Male
367,William,Mejia,william.mejia@gmail.com,075-067-2884x5425,North Conniefurt,Northern Ireland,62,Male
368,Robin,Johnson,robin.johnson@hotmail.com,516-637-1777x942,Carrollstad,Germany,37,Female
369,Kimberly,Richardson,kimberly.richardson@gmail.com,001-597-016-1721x1264,New Aaron,Portugal,20,Male
370,Paul,Hayes,paul.hayes@yahoo.com,001-959-377-7175x82471,Josephland,Ireland,36,Female
371,James,Ross,james.ross@hotmail.com,(055)009-6364,Port Sarah,England,27,Female
372,Gary,Cooper,gary.cooper@yahoo.com,001-883-535-8211,Kimberlyhaven,Poland,25,Male
373,Rickey,Le,rickey.le@yahoo.com,008-354-2514x4825,Williamsmouth,Germany,21,Male
374,Nicholas,Brown,nicholas.brown@hotmail.com,+1-727-453-7911x89954,Sanchezport,England,39,Female
375,Daniel,Martinez,daniel.martinez@hotmail.com,452.912.9504x31646,Susanhaven,Portugal,22,Female
376,Kelly,Tran,kelly.tran@gmail.com,+1-099-944-9682x5593,Hortonstad,Northern Ireland,24,Male
377,Christina,Conley,christina.conley@hotmail.com,074.499.2433,Lake Tammyberg,Portugal,49,Male
378,Summer,Hahn,summer.hahn@gmail.com,(477)343-0770x30581,West Carolyn,Italy,33,Male
379,Chelsea,Howard,chelsea.howard@gmail.com,2125141272,East Adamberg,France,58,Female
380,Amber,Alexander,amber.alexander@hotmail.com,432.630.0527,Amandachester,France,63,Female
381,Melanie,Gomez,melanie.gomez@hotmail.com,455.885.4632x57681,Stevenburgh,Portugal,31,Male
382,Victoria,Martinez,victoria.martinez@yahoo.com,549-683-9036x39622,Port Patrick,Italy,32,Female
383,Shawn,Oliver,shawn.oliver@gmail.com,+1-721-036-9149,Danielfurt,Portugal,33,Male
384,Mary,Frost,mary.frost@yahoo.com,424.872.6531x646,New Juan,Portugal,59,Female
385,Ray,Garcia,ray.garcia@yahoo.com,3056201183,East Tammyberg,Spain,20,Female
386,Michael,Parker,michael.parker@yahoo.com,567-452-0679x004,Shellytown,Portugal,18,Female
387,Lance,Dixon,lance.dixon@gmail.com,921.242.2455x1559,Garciaport,France,28,Female
388,Paul,Young,paul.young@yahoo.com,(812)585-6722,Juliechester,Czechia,65,Female
389,Pamela,Harrell,pamela.harrell@hotmail.com,001-520-173-4173,Port Michael,Germany,45,Female
390,Melanie,Diaz,melanie.diaz@yahoo.com,4698253229,Barrystad,Poland,28,Female
391,Nicholas,Case,nicholas.case@hotmail.com,911-400-4376x5405,Katherineberg,Portugal,30,Male
392,Ryan,Martinez,ryan.martinez@yahoo.com,566-544-6664,Burgessfurt,Italy,63,Male
393,Robert,Roman,robert.roman@gmail.com,+1-768-352-0764x50291,Lake Douglas,Spain,64,Male
394,Carolyn,Alvarez,carolyn.alvarez@yahoo.com,2286116167,Port Williamport,Portugal,33,Male
395,Cathy,Conrad,cathy.conrad@hotmail.com,3209533952,West Annville,England,48,Female
396,Connie,Rubio,connie.rubio@gmail.com,(047)160-2161x1986,Hernandezstad,Germany,52,Male
397,William,Jones,william.jones@gmail.com,177.526.9615x2745,North Gabrielfort,Italy,27,Male
398,Michael,Blankenship,michael.blankenship@yahoo.com,(138)154-2278,Anthonyshire,Italy,22,Male
399,Brian,Young,brian.young@yahoo.com,2097757777,Maynardfurt,France,59,Male
400,Jennifer,Charles,jennifer.charles@hotmail.com,(862)392-8162x14909,Hobbsville,Poland,22,Female
401,Keith,Greene,keith.greene@hotmail.com,372-489-0833x078,Port Tyler,Ireland,29,Male
402,Amanda,Hernandez,amanda.hernandez@yahoo.com,001-817-259-6434x955,South Juanbury,Czechia,18,Female
403,Kenneth,Davidson,kenneth.davidson@hotmail.com,+1-646-796-0671x345,North David,France,22,Female
404,Frances,Hawkins,frances.hawkins@gmail.com,734-659-7213x7807,Williammouth,England,40,Male
405,Melissa,Cunningham,melissa.cunningham@gmail.com,806.680.6730x29819,East William,Poland,44,Female
406,Charles,Herrera,charles.herrera@yahoo.com,2708566011,Lake John,Italy,50,Male
407,Devon,White,devon.white@yahoo.com,601-860-8141x90068,Petersonton,Spain,62,Female
408,Tiffany,Knight,tiffany.knight@yahoo.com,898-952-7196x9168,Bradleymouth,Italy,57,Male
409,Christopher,Hudson,christopher.hudson@hotmail.com,576.027.3539,Sarahberg,Germany,26,Male
410,Sheryl,Knight,sheryl.knight@yahoo.com,+1-079-253-2715x895,Lake Ronnieborough,Czechia,35,Male
411,David,Collins,david.collins@gmail.com,001-150-427-6982,Jeffreymouth,Portugal,37,Female
412,Amber,Carpenter,amber.carpenter@gmail.com,585-467-8195,East Randytown,Northern Ireland,22,Female
413,James,Nunez,james.nunez@gmail.com,001-054-993-8167x62728,West Wendymouth,Germany,43,Female
414,Kevin,Mckenzie,kevin.mckenzie@gmail.com,358.238.0393x42514,South Kellyville,Northern Ireland,36,Male
415,John,Davis,john.davis@yahoo.com,064-410-6151x396,West Peterfort,Scotland,41,Female
416,Brian,Vazquez,brian.vazquez@gmail.com,974.121.1017x952,Hernandezview,Northern Ireland,36,Female
417,Heather,Cross,heather.cross@yahoo.com,(144)715-1728x19533,Bonnieside,Italy,54,Female
418,Nancy,Ruiz,nancy.ruiz@gmail.com,001-136-640-9662x684,South Bryan,Scotland,35,Female
419,Joseph,Morris,joseph.morris@yahoo.com,424.683.1728x133,Port Carolville,Spain,36,Male
420,Elizabeth,Thomas,elizabeth.thomas@yahoo.com,283.461.2080x317,Frazierbury,Portugal,23,Female
421,Jennifer,Williams,jennifer.williams@yahoo.com,+1-259-404-3088x4605,West Emily,Portugal,38,Female
422,Amanda,Oliver,amanda.oliver@hotmail.com,+1-689-326-9892x7340,Valenciafurt,Italy,38,Male
423,Matthew,Wallace,matthew.wallace@gmail.com,893-890-2129x293,Port Brian,England,51,Female
424,Rachel,Garcia,rachel.garcia@hotmail.com,(350)064-1282x1159,Christopherville,Ireland,37,Female
425,Melissa,Walker,melissa.walker@gmail.com,247.751.6483x84745,New Katieville,Czechia,44,Male
426,Lauren,Velazquez,lauren.velazquez@hotmail.com,+1-687-447-1149,East Daniel,Germany,42,Female
427,Shelley,Mcdonald,shelley.mcdonald@yahoo.com,(205)396-7560x69837,North Bradley,Portugal,22,Female
428,Scott,Thompson,scott.thompson@hotmail.com,9681324015,New Spencerville,England,59,Male
429,James,Boyd,james.boyd@gmail.com,928-786-8034,Ruizborough,Poland,25,Male
430,Claudia,Lewis,claudia.lewis@yahoo.com,862.672.9540x3567,Paulview,Northern Ireland,36,Male
431,Juan,Brooks,juan.brooks@yahoo.com,001-759-449-3338x531,Smithview,Portugal,38,Male
432,Jason,Sims,jason.sims@hotmail.com,+1-243-990-5871x59002,Jessicaside,France,48,Female
433,Tony,Turner,tony.turner@yahoo.com,6205225979,Jamieshire,England,34,Male
434,Christian,Patterson,christian.patterson@yahoo.com,+1-202-146-8372x796,West Joanna,Czechia,61,Female
435,Sierra,Jenkins,sierra.jenkins@gmail.com,(559)123-6327,South Timothychester,Poland,59,Female
436,Jacqueline,Khan,jacqueline.khan@gmail.com,(235)764-5836x34264,Melaniemouth,France,31,Female
437,Stephen,Giles,stephen.giles@yahoo.com,422-609-5845x946,East Eric,Northern Ireland,44,Female
438,Natasha,Stewart,natasha.stewart@hotmail.com,001-593-401-0100,New Paulhaven,Germany,50,Female
439,Stephen,Le,stephen.le@hotmail.com,9804984945,Devinhaven,Poland,46,Male
440,Kimberly,Barnett,kimberly.barnett@hotmail.com,019.971.8135,Morenomouth,Germany,26,Male
441,Lonnie,Jackson,lonnie.jackson@hotmail.com,001-982-527-9723x5167,Lake Anthonyfurt,Ireland,46,Male
442,Karla,Riddle,karla.riddle@hotmail.com,084.320.2674,Holmesshire,Scotland,40,Female
443,Crystal,Rodriguez,crystal.rodriguez@yahoo.com,(821)988-9970x331,Smithbury,Czechia,65,Female
444,Lori,Jones,lori.jones@yahoo.com,(627)407-1602,Jasminemouth,Ireland,59,Male
445,Megan,Boyle,megan.boyle@gmail.com,038-818-2747,Warrenfurt,Northern Ireland,59,Female
446,Amy,Harris,amy.harris@gmail.com,036-595-0838,Alexisport,Ireland,38,Female
447,Crystal,Griffin,crystal.griffin@yahoo.com,153-530-7716x839,Fisherhaven,England,26,Male
448,Samantha,Morris,samantha.morris@yahoo.com,541-876-6297x512,Raymondborough,Scotland,60,Male
449,Gina,Mendoza,gina.mendoza@yahoo.com,(620)055-4842,North Eric,Portugal,38,Female
450,Rebecca,Hughes,rebecca.hughes@gmail.com,732.318.7956x1247,West Jessicaton,Poland,54,Female
451,Christopher,Cain,christopher.cain@yahoo.com,+1-430-354-7693x75130,South Brookeside,Czechia,56,Female
452,Amanda,Romero,amanda.romero@hotmail.com,145.107.0608,Stricklandtown,England,27,Male
453,Robert,Jenkins,robert.jenkins@gmail.com,887.602.0606x2157,North Laura,Italy,65,Female
454,Jaclyn,Rose,jaclyn.rose@gmail.com,(839)838-7973x00458,South Cynthia,Northern Ireland,53,Female
455,Maria,Gomez,maria.gomez@yahoo.com,+1-564-522-3102x265,West Michele,Ireland,30,Male
456,Robert,Obrien,robert.obrien@gmail.com,+1-623-303-6410x10263,North Juanview,Scotland,50,Male
457,Kimberly,Rodriguez,kimberly.rodriguez@hotmail.com,001-750-594-2661x6676,Townsendstad,England,59,Female
458,Daniel,Myers,daniel.myers@hotmail.com,919.563.0329x2933,North Deniseburgh,Ireland,42,Male
459,Elizabeth,Cook,elizabeth.cook@yahoo.com,061-643-3747x79671,West Ricardo,Czechia,61,Female
460,Adrian,Lee,adrian.lee@gmail.com,(866)385-6624,Jeanetteburgh,Germany,22,Female
461,Sara,Robinson,sara.robinson@gmail.com,694-377-6151,Jonesbury,England,49,Female
462,Shane,Thomas,shane.thomas@yahoo.com,+1-817-235-2185,Smithport,Germany,34,Female
463,Cynthia,Ruiz,cynthia.ruiz@hotmail.com,+1-390-756-5183x87869,New Ralphchester,Germany,42,Male
464,Joseph,Gomez,joseph.gomez@yahoo.com,+1-842-445-1944,Loriton,Poland,60,Female
465,David,Carpenter,david.carpenter@yahoo.com,001-594-617-6554x3880,Riceborough,Germany,62,Male
466,Jacob,Newton,jacob.newton@gmail.com,813.528.2763x2838,Escobarshire,Northern Ireland,43,Female
467,Lori,Gill,lori.gill@gmail.com,001-116-461-2609x477,Murphyfurt,Poland,42,Female
468,Alex,Ryan,alex.ryan@yahoo.com,229.428.3095,Harrisside,Germany,27,Female
469,Leonard,Perez,leonard.perez@hotmail.com,985-126-0402,Port Lisa,Italy,39,Male
470,Kim,Warner,kim.warner@yahoo.com,+1-297-283-6981x370,Simpsonburgh,Northern Ireland,29,Female
471,Ian,Sims,ian.sims@yahoo.com,(424)849-6630x27633,Jenniferside,Czechia,55,Female
472,Kayla,Reid,kayla.reid@gmail.com,927.391.1933,New Jay,England,42,Female
473,Daniel,Roberts,daniel.roberts@hotmail.com,001-838-051-4052x108,Riddlefort,Ireland,64,Female
474,Nancy,Stewart,nancy.stewart@hotmail.com,+1-063-924-1843x00876,Port Ann,Italy,65,Male
475,Wayne,Olson,wayne.olson@yahoo.com,(760)490-3320x55197,Gonzalezview,Italy,19,Female
476,Richard,Fisher,richard.fisher@yahoo.com,+1-511-163-1211x907,East Vanessa,Scotland,24,Female
477,Alex,Colon,alex.colon@gmail.com,8403796491,East Amy,France,47,Male
478,Chad,Brown,chad.brown@hotmail.com,924.700.6076,Matthewton,France,38,Female
479,Sherry,Gutierrez,sherry.gutierrez@yahoo.com,113.405.8395,Garrettville,Germany,59,Female
480,Alexandra,Huffman,alexandra.huffman@yahoo.com,+1-218-418-5834,Port Daniel,Poland,32,Male
481,Todd,Barry,todd.barry@gmail.com,001-826-602-6057x1957,Breannatown,Italy,58,Male
482,Stacey,Meyer,stacey.meyer@gmail.com,(030)102-6016x00682,Seanberg,Czechia,56,Female
483,Elizabeth,Walker,elizabeth.walker@hotmail.com,9508262237,South Mikaylaside,Italy,27,Female
484,Anthony,Reyes,anthony.reyes@yahoo.com,701-416-9107,East Crystalstad,Germany,52,Male
485,Frederick,Nelson,frederick.nelson@gmail.com,374-087-2704x4442,Kaylaview,France,36,Male
486,Stacy,Acosta,stacy.acosta@yahoo.com,+1-289-205-9675,Watkinsbury,Poland,52,Male
487,Bill,Logan,bill.logan@yahoo.com,+1-572-947-6158x236,Stephaniemouth,France,30,Male
488,Erin,Rogers,erin.rogers@gmail.com,248-716-5370x74035,Port Patriciaville,Czechia,49,Male
489,Laura,Torres,laura.torres@yahoo.com,845.711.2738x6145,Lisamouth,Czechia,34,Female
490,Kendra,Newman,kendra.newman@yahoo.com,+1-786-307-2505x094,Housebury,Czechia,33,Female
491,Scott,Collins,scott.collins@yahoo.com,966-511-8654,South Brandon,Portugal,26,Male
492,Brianna,Ware,brianna.ware@yahoo.com,(437)644-6666x4419,Beasleyshire,Scotland,35,Female
493,James,Berger,james.berger@yahoo.com,7763317817,Port Brianland,Northern Ireland,49,Female
494,Brandy,Martinez,brandy.martinez@hotmail.com,742-531-3742,Hornestad,Northern Ireland,18,Male
495,Kerry,Turner,kerry.turner@gmail.com,271.777.6142x169,South Kevinfort,Italy,28,Male
496,Adam,Cox,adam.cox@gmail.com,001-560-522-0562x4942,Stuartland,France,51,Female
497,Angela,Greene,angela.greene@gmail.com,2421244271,East Brittany,Poland,45,Male
498,Heather,Kennedy,heather.kennedy@yahoo.com,733.618.5984x5923,South Christineville,Germany,43,Male
499,Gabriela,Evans,gabriela.evans@gmail.com,+1-409-687-1279x813,Cindyfort,Italy,34,Male
500,Greg,Riley,greg.riley@gmail.com,+1-516-029-6749,Port Christopherchester,Germany,54,Female
